IP地址,端口,TLS,数据中心,地区,城市,网络延迟,下载速度
149.104.32.77,9888,true,MRS,Europe,Marseille,219 ms,5756 kB/s
154.197.92.82,9888,true,MRS,Europe,Marseille,58 ms,5582 kB/s
149.104.35.119,9888,true,MRS,Europe,Marseille,61 ms,5398 kB/s
154.197.92.74,9888,true,MRS,Europe,Marseille,60 ms,5384 kB/s
149.104.32.78,9888,true,MRS,Europe,Marseille,214 ms,5379 kB/s
149.104.35.94,9888,true,MRS,Europe,Marseille,57 ms,5188 kB/s
154.197.92.98,9888,true,MRS,Europe,Marseille,57 ms,5176 kB/s
149.104.35.88,9888,true,MRS,Europe,Marseille,66 ms,5076 kB/s
154.197.92.91,9888,true,MRS,Europe,Marseille,58 ms,4950 kB/s
149.104.35.83,9888,true,MRS,Europe,Marseille,64 ms,4925 kB/s
154.197.92.87,9888,true,MRS,Europe,Marseille,62 ms,4902 kB/s
149.104.35.104,9888,true,MRS,Europe,Marseille,57 ms,4894 kB/s
149.104.35.109,9888,true,MRS,Europe,Marseille,55 ms,4786 kB/s
154.197.92.66,9888,true,MRS,Europe,Marseille,58 ms,4754 kB/s
149.104.35.79,9888,true,MRS,Europe,Marseille,62 ms,4752 kB/s
149.104.35.106,9888,true,MRS,Europe,Marseille,60 ms,4748 kB/s
154.197.92.79,9888,true,MRS,Europe,Marseille,57 ms,4730 kB/s
149.104.34.214,9888,true,MRS,Europe,Marseille,57 ms,4645 kB/s
154.197.92.80,9888,true,MRS,Europe,Marseille,64 ms,4580 kB/s
149.104.35.112,9888,true,MRS,Europe,Marseille,59 ms,4558 kB/s
149.104.35.102,9888,true,MRS,Europe,Marseille,62 ms,4541 kB/s
149.104.34.29,9888,true,MRS,Europe,Marseille,63 ms,4504 kB/s
154.197.92.94,9888,true,MRS,Europe,Marseille,61 ms,4472 kB/s
149.104.35.92,9888,true,MRS,Europe,Marseille,60 ms,4463 kB/s
149.104.35.90,9888,true,MRS,Europe,Marseille,57 ms,4463 kB/s
149.104.34.213,9888,true,MRS,Europe,Marseille,62 ms,4404 kB/s
149.104.35.68,9888,true,MRS,Europe,Marseille,74 ms,4404 kB/s
149.104.32.74,9888,true,MRS,Europe,Marseille,223 ms,4372 kB/s
149.104.35.98,9888,true,MRS,Europe,Marseille,62 ms,4360 kB/s
149.104.32.75,9888,true,MRS,Europe,Marseille,219 ms,4353 kB/s
154.197.92.84,9888,true,MRS,Europe,Marseille,57 ms,4327 kB/s
149.104.35.100,9888,true,MRS,Europe,Marseille,63 ms,4325 kB/s
149.104.35.120,9888,true,MRS,Europe,Marseille,61 ms,4305 kB/s
149.104.32.76,9888,true,MRS,Europe,Marseille,204 ms,4299 kB/s
154.197.92.90,9888,true,MRS,Europe,Marseille,58 ms,4282 kB/s
154.197.92.77,9888,true,MRS,Europe,Marseille,61 ms,4272 kB/s
149.104.35.121,9888,true,MRS,Europe,Marseille,55 ms,4267 kB/s
149.104.35.50,9888,true,MRS,Europe,Marseille,67 ms,4212 kB/s
149.104.34.212,9888,true,MRS,Europe,Marseille,61 ms,4201 kB/s
154.197.92.72,9888,true,MRS,Europe,Marseille,55 ms,4196 kB/s
149.104.35.108,9888,true,MRS,Europe,Marseille,64 ms,4184 kB/s
154.197.92.75,9888,true,MRS,Europe,Marseille,59 ms,4150 kB/s
154.197.92.83,9888,true,MRS,Europe,Marseille,61 ms,4149 kB/s
149.104.35.125,9888,true,MRS,Europe,Marseille,58 ms,4144 kB/s
149.104.35.62,9888,true,MRS,Europe,Marseille,67 ms,4116 kB/s
149.104.35.105,9888,true,MRS,Europe,Marseille,59 ms,4101 kB/s
154.197.92.89,9888,true,MRS,Europe,Marseille,59 ms,4086 kB/s
149.104.35.122,9888,true,MRS,Europe,Marseille,61 ms,4062 kB/s
149.104.35.57,9888,true,MRS,Europe,Marseille,68 ms,4039 kB/s
149.104.35.101,9888,true,MRS,Europe,Marseille,61 ms,4036 kB/s
149.104.35.58,9888,true,MRS,Europe,Marseille,63 ms,4015 kB/s
149.104.35.81,9888,true,MRS,Europe,Marseille,65 ms,3981 kB/s
149.104.35.56,9888,true,MRS,Europe,Marseille,69 ms,3962 kB/s
149.104.35.60,9888,true,MRS,Europe,Marseille,61 ms,3934 kB/s
149.104.35.53,9888,true,MRS,Europe,Marseille,66 ms,3924 kB/s
149.104.35.107,9888,true,MRS,Europe,Marseille,59 ms,3896 kB/s
149.104.34.210,9888,true,MRS,Europe,Marseille,59 ms,3887 kB/s
154.197.92.69,9888,true,MRS,Europe,Marseille,57 ms,3851 kB/s
149.104.35.113,9888,true,MRS,Europe,Marseille,59 ms,3823 kB/s
149.104.35.97,9888,true,MRS,Europe,Marseille,62 ms,3799 kB/s
154.197.92.93,9888,true,MRS,Europe,Marseille,61 ms,3797 kB/s
154.197.92.92,9888,true,MRS,Europe,Marseille,58 ms,3797 kB/s
154.197.92.67,9888,true,MRS,Europe,Marseille,59 ms,3762 kB/s
154.197.92.76,9888,true,MRS,Europe,Marseille,63 ms,3759 kB/s
154.197.92.85,9888,true,MRS,Europe,Marseille,59 ms,3752 kB/s
149.104.35.124,9888,true,MRS,Europe,Marseille,59 ms,3724 kB/s
149.104.35.52,9888,true,MRS,Europe,Marseille,63 ms,3718 kB/s
149.104.35.103,9888,true,MRS,Europe,Marseille,57 ms,3714 kB/s
154.197.92.78,9888,true,MRS,Europe,Marseille,61 ms,3706 kB/s
149.104.35.123,9888,true,MRS,Europe,Marseille,59 ms,3703 kB/s
149.104.35.51,9888,true,MRS,Europe,Marseille,63 ms,3702 kB/s
149.104.35.70,9888,true,MRS,Europe,Marseille,69 ms,3696 kB/s
149.104.35.96,9888,true,MRS,Europe,Marseille,60 ms,3687 kB/s
154.197.92.73,9888,true,MRS,Europe,Marseille,61 ms,3677 kB/s
149.104.35.95,9888,true,MRS,Europe,Marseille,59 ms,3675 kB/s
149.104.35.118,9888,true,MRS,Europe,Marseille,58 ms,3672 kB/s
149.104.35.82,9888,true,MRS,Europe,Marseille,64 ms,3631 kB/s
149.104.35.76,9888,true,MRS,Europe,Marseille,59 ms,3620 kB/s
149.104.35.73,9888,true,MRS,Europe,Marseille,62 ms,3618 kB/s
149.104.35.61,9888,true,MRS,Europe,Marseille,64 ms,3613 kB/s
149.104.35.111,9888,true,MRS,Europe,Marseille,59 ms,3613 kB/s
149.104.35.99,9888,true,MRS,Europe,Marseille,56 ms,3586 kB/s
149.104.35.66,9888,true,MRS,Europe,Marseille,62 ms,3523 kB/s
154.197.92.70,9888,true,MRS,Europe,Marseille,60 ms,3510 kB/s
149.104.35.126,9888,true,MRS,Europe,Marseille,59 ms,3495 kB/s
154.197.92.109,9888,true,MRS,Europe,Marseille,58 ms,3483 kB/s
154.197.92.86,9888,true,MRS,Europe,Marseille,59 ms,3475 kB/s
149.104.35.75,9888,true,MRS,Europe,Marseille,61 ms,3415 kB/s
149.104.35.86,9888,true,MRS,Europe,Marseille,67 ms,3403 kB/s
149.104.35.6,9888,true,MRS,Europe,Marseille,66 ms,3393 kB/s
149.104.35.114,9888,true,MRS,Europe,Marseille,61 ms,3393 kB/s
154.197.92.81,9888,true,MRS,Europe,Marseille,60 ms,3374 kB/s
149.104.35.71,9888,true,MRS,Europe,Marseille,66 ms,3367 kB/s
149.104.35.110,9888,true,MRS,Europe,Marseille,62 ms,3354 kB/s
149.104.35.91,9888,true,MRS,Europe,Marseille,59 ms,3352 kB/s
149.104.35.84,9888,true,MRS,Europe,Marseille,64 ms,3336 kB/s
154.197.92.88,9888,true,MRS,Europe,Marseille,59 ms,3335 kB/s
149.104.35.93,9888,true,MRS,Europe,Marseille,59 ms,3330 kB/s
149.104.35.80,9888,true,MRS,Europe,Marseille,59 ms,3310 kB/s
149.104.35.4,9888,true,MRS,Europe,Marseille,65 ms,3273 kB/s
149.104.35.87,9888,true,MRS,Europe,Marseille,61 ms,3251 kB/s
149.104.35.117,9888,true,MRS,Europe,Marseille,55 ms,3240 kB/s
149.104.35.3,9888,true,MRS,Europe,Marseille,59 ms,3202 kB/s
149.104.35.54,9888,true,MRS,Europe,Marseille,63 ms,3188 kB/s
149.104.35.115,9888,true,MRS,Europe,Marseille,67 ms,3187 kB/s
149.104.35.5,9888,true,MRS,Europe,Marseille,57 ms,3090 kB/s
154.197.92.71,9888,true,MRS,Europe,Marseille,57 ms,3057 kB/s
149.104.35.69,9888,true,MRS,Europe,Marseille,70 ms,3053 kB/s
149.104.35.55,9888,true,MRS,Europe,Marseille,69 ms,3048 kB/s
149.104.35.74,9888,true,MRS,Europe,Marseille,62 ms,3009 kB/s
154.197.92.68,9888,true,MRS,Europe,Marseille,59 ms,3004 kB/s
154.197.92.104,9888,true,MRS,Europe,Marseille,57 ms,2967 kB/s
149.104.35.116,9888,true,MRS,Europe,Marseille,58 ms,2940 kB/s
149.104.35.59,9888,true,MRS,Europe,Marseille,65 ms,2928 kB/s
149.104.35.67,9888,true,MRS,Europe,Marseille,74 ms,2873 kB/s
149.104.35.89,9888,true,MRS,Europe,Marseille,66 ms,2866 kB/s
149.104.34.211,9888,true,MRS,Europe,Marseille,58 ms,2827 kB/s
149.104.35.85,9888,true,MRS,Europe,Marseille,70 ms,2677 kB/s
149.104.35.72,9888,true,MRS,Europe,Marseille,72 ms,2676 kB/s
149.104.34.28,9888,true,MRS,Europe,Marseille,59 ms,2612 kB/s
149.104.35.77,9888,true,MRS,Europe,Marseille,61 ms,2549 kB/s
149.104.35.78,9888,true,MRS,Europe,Marseille,61 ms,2524 kB/s
154.197.92.101,9888,true,MRS,Europe,Marseille,56 ms,2150 kB/s
149.104.32.162,9888,true,MRS,Europe,Marseille,202 ms,2125 kB/s
154.197.92.121,9888,true,MRS,Europe,Marseille,57 ms,2101 kB/s
154.197.92.103,9888,true,MRS,Europe,Marseille,61 ms,2059 kB/s
154.197.92.122,9888,true,MRS,Europe,Marseille,63 ms,1980 kB/s
154.197.92.115,9888,true,MRS,Europe,Marseille,60 ms,1759 kB/s
149.104.34.27,9888,true,MRS,Europe,Marseille,57 ms,1751 kB/s
154.197.92.100,9888,true,MRS,Europe,Marseille,58 ms,1680 kB/s
149.104.32.163,9888,true,MRS,Europe,Marseille,160 ms,1671 kB/s
149.104.34.26,9888,true,MRS,Europe,Marseille,62 ms,1668 kB/s
154.197.92.102,9888,true,MRS,Europe,Marseille,57 ms,1580 kB/s
154.197.92.105,9888,true,MRS,Europe,Marseille,58 ms,1535 kB/s
154.197.92.126,9888,true,MRS,Europe,Marseille,58 ms,1530 kB/s
154.197.92.106,9888,true,MRS,Europe,Marseille,60 ms,1525 kB/s
149.104.34.30,9888,true,MRS,Europe,Marseille,62 ms,1461 kB/s
154.197.92.114,9888,true,MRS,Europe,Marseille,58 ms,1196 kB/s
154.197.92.120,9888,true,MRS,Europe,Marseille,57 ms,1180 kB/s
154.197.92.108,9888,true,MRS,Europe,Marseille,61 ms,1074 kB/s
154.197.92.113,9888,true,MRS,Europe,Marseille,58 ms,1064 kB/s
154.197.92.124,9888,true,MRS,Europe,Marseille,60 ms,1042 kB/s
154.197.92.99,9888,true,MRS,Europe,Marseille,59 ms,1016 kB/s
154.197.92.110,9888,true,MRS,Europe,Marseille,56 ms,1000 kB/s
154.197.92.112,9888,true,MRS,Europe,Marseille,57 ms,989 kB/s
154.197.92.117,9888,true,MRS,Europe,Marseille,58 ms,984 kB/s
154.197.92.119,9888,true,MRS,Europe,Marseille,58 ms,936 kB/s
154.197.92.123,9888,true,MRS,Europe,Marseille,57 ms,920 kB/s
154.197.92.111,9888,true,MRS,Europe,Marseille,60 ms,889 kB/s
154.197.92.118,9888,true,MRS,Europe,Marseille,58 ms,873 kB/s
154.197.92.107,9888,true,MRS,Europe,Marseille,63 ms,861 kB/s
154.197.92.116,9888,true,MRS,Europe,Marseille,61 ms,837 kB/s
154.197.92.125,9888,true,MRS,Europe,Marseille,60 ms,564 kB/s
